{
    "type": "minecraft:chest",
    "pools": [
      {
        "rolls": {
          "min": 1,
          "max": 2
        },
        "bonus_rolls": 1,
        "entries": [
          {
            "type": "minecraft:item",
            "weight": 1,
            "name": "minecraft:diamond_axe"
          },
          {
            "type": "minecraft:item",
            "weight": 1,
            "name": "minecraft:diamond_boots"
          },
          {
            "type": "minecraft:item",
            "weight": 1,
            "name": "minecraft:diamond_chestplate"
          },
          {
            "type": "minecraft:item",
            "weight": 1,
            "name": "minecraft:diamond_leggings"
          },
          {
            "type": "minecraft:item",
            "weight": 1,
            "name": "minecraft:diamond_helmet"
          },
          {
            "type": "minecraft:item",
            "weight": 1,
            "name": "minecraft:diamond_sword"
          },
          {
            "type": "minecraft:item",
            "weight": 1,
            "name": "minecraft:diamond_shovel"
          },
          {
            "type": "minecraft:item",
            "weight": 1,
            "name": "minecraft:diamond_pickaxe"
          }
        ]
      },
      {
        "rolls": {
          "min": 1,
          "max": 10
        },
        "bonus_rolls": 2,
        "entries": [
          {
            "type": "minecraft:item",
            "weight": 5,
            "name": "minecraft:golden_apple",
            "functions": [
              {
                "function": "minecraft:set_count",
                "count": {
                  "min": 1,
                  "max": 5
                }
              }
            ]
          },
          {
            "type": "minecraft:item",
            "weight": 5,
            "name": "minecraft:golden_carrot",
            "functions": [
              {
                "function": "minecraft:set_count",
                "count": {
                  "min": 32,
                  "max": 64
                }
              }
            ]
          },
          {
            "type": "minecraft:item",
            "weight": 5,
            "name": "minecraft:cooked_beef",
            "functions": [
              {
                "function": "minecraft:set_count",
                "count": {
                  "min": 32,
                  "max": 64
                }
              }
            ]
          },
          {
            "type": "minecraft:item",
            "weight": 5,
            "name": "minecraft:cooked_chicken",
            "functions": [
              {
                "function": "minecraft:set_count",
                "count": {
                  "min": 32,
                  "max": 64
                }
              }
            ]
          }
        ]
      },
      {
        "rolls": {
          "min": 1,
          "max": 10
        },
        "bonus_rolls": 5,
        "entries": [
          {
            "type": "minecraft:item",
            "weight": 5,
            "name": "minecraft:iron_nugget",
            "functions": [
              {
                "function": "minecraft:set_count",
                "count": {
                  "min": 5,
                  "max": 32
                }
              }
            ]
          },
          {
            "type": "minecraft:item",
            "weight": 5,
            "name": "minecraft:iron_ingot",
            "functions": [
              {
                "function": "minecraft:set_count",
                "count": {
                  "min": 5,
                  "max": 32
                }
              }
            ]
          },
          {
            "type": "minecraft:item",
            "weight": 3,
            "name": "minecraft:diamond",
            "functions": [
              {
                "function": "minecraft:set_count",
                "count": {
                  "min": 1,
                  "max": 5
                }
              }
            ]
          },
          {
            "type": "minecraft:item",
            "weight": 1,
            "name": "minecraft:netherite_ingot",
            "functions": [
              {
                "function": "minecraft:set_count",
                "count": 1
              }
            ]
          }
        ]
      }
    ]
  }
  