{
    "type": "minecraft:command",
    "pools": [
      {
        "rolls": 1,
        "entries": [
          {
            "type": "minecraft:item",
            "name": "minecraft:leather_boots",
            "functions": [
              {
                "function": "minecraft:set_enchantments",
                "enchantments": {
                  "minecraft:depth_strider": 3,
                  "minecraft:feather_falling": 4,
                  "minecraft:unbreaking": 3
                }
              }
            ]
          },
          {
            "type": "minecraft:item",
            "name": "minecraft:iron_boots",
            "functions": [
              {
                "function": "minecraft:set_enchantments",
                "enchantments": {
                  "minecraft:depth_strider": 3,
                  "minecraft:feather_falling": 4,
                  "minecraft:unbreaking": 3
                }
              }
            ]
          },
          {
            "type": "minecraft:item",
            "name": "minecraft:golden_boots",
            "functions": [
              {
                "function": "minecraft:set_enchantments",
                "enchantments": {
                  "minecraft:depth_strider": 3,
                  "minecraft:feather_falling": 4,
                  "minecraft:unbreaking": 3
                }
              }
            ]
          }
        ]
      }
    ]
  }
  