{
    "pools": [
      {
        "rolls": 1,
        "entries": [
          {
            "type": "minecraft:item",
            "name": "minecraft:suspicious_stew",
            "functions": [
              {
                "function": "minecraft:set_nbt",
                "tag": "{Effects:[{EffectId:15,EffectDuration:120}]}",
                "conditions": [
                  {
                    "condition": "minecraft:random_chance",
                    "chance": 0.17
                  }
                ]
              },
              {
                "function": "minecraft:set_nbt",
                "tag": "{Effects:[{EffectId:8,EffectDuration:160}]}",
                "conditions": [
                  {
                    "condition": "minecraft:random_chance",
                    "chance": 0.17
                  }
                ]
              },
              {
                "function": "minecraft:set_nbt",
                "tag": "{Effects:[{EffectId:16,EffectDuration:160}]}",
                "conditions": [
                  {
                    "condition": "minecraft:random_chance",
                    "chance": 0.17
                  }
                ]
              },
              {
                "function": "minecraft:set_nbt",
                "tag": "{Effects:[{EffectId:19,EffectDuration:300}]}",
                "conditions": [
                  {
                    "condition": "minecraft:random_chance",
                    "chance": 0.17
                  }
                ]
              },
              {
                "function": "minecraft:set_nbt",
                "tag": "{Effects:[{EffectId:23,EffectDuration:9}]}",
                "conditions": [
                  {
                    "condition": "minecraft:random_chance",
                    "chance": 0.17
                  }
                ]
              },
              {
                "function": "minecraft:set_nbt",
                "tag": "{Effects:[{EffectId:18,EffectDuration:140}]}",
                "conditions": [
                  {
                    "condition": "minecraft:random_chance",
                    "chance": 0.17
                  }
                ]
              }
            ]
          }
        ]
      }
    ]
  }
  