[
  {
    "condition": "minecraft:entity_properties",
    "entity": "this",
    "predicate": {
      "equipment": {
        "mainhand": {
          "items": [
            "minecraft:apple",
            "minecraft:baked_potato",
            "minecraft:beetroot",
            "minecraft:beetroot_soup",
            "minecraft:bread",
            "minecraft:carrot",
            "minecraft:cooked_chicken",
            "minecraft:cooked_cod",
            "minecraft:cooked_mutton",
            "minecraft:cooked_porkchop",
            "minecraft:cooked_rabbit",
            "minecraft:cooked_salmon",
            "minecraft:cookie",
            "minecraft:dried_kelp",
            "minecraft:glow_berries",
            "minecraft:golden_carrot",
            "minecraft:melon_slice",
            "minecraft:mushroom_stew",
            "minecraft:poisonous_potato",
            "minecraft:potato",
            "minecraft:pufferfish",
            "minecraft:pumpkin_pie",
            "minecraft:rabbit_stew",
            "minecraft:beef",
            "minecraft:chicken",
            "minecraft:cod",
            "minecraft:mutton",
            "minecraft:porkchop",
            "minecraft:rabbit",
            "minecraft:salmon",
            "minecraft:rotten_flesh",
            "minecraft:cooked_beef",
            "minecraft:sweet_berries",
            "minecraft:tropical_fish"
          ]
        }
      }
    }
  }
]
